{"cameraMode":{"drawMode":0,"name":"Shaded","section":"Shading Mode"},"sceneLighting":true,"audioPlay":false,"sceneViewState":{"showFog":true,"showMaterialUpdate":false,"showSkybox":true,"showFlares":true,"showImageEffects":true,"showParticleSystems":true},"in2DMode":false,"pivot":{"x":0.0,"y":0.16002702713012696,"z":5.551000118255615},"rotation":{"x":0.22806106507778169,"y":-0.4429735839366913,"z":0.11760338395833969,"w":0.8590313792228699},"size":0.9146773815155029,"orthographic":true}