{"cameraMode":{"drawMode":0,"name":"Shaded","section":"Shading Mode"},"sceneLighting":true,"audioPlay":false,"sceneViewState":{"showFog":true,"showMaterialUpdate":false,"showSkybox":true,"showFlares":true,"showImageEffects":true,"showParticleSystems":true},"in2DMode":false,"pivot":{"x":-1.18896484375,"y":1.78741455078125,"z":1.1357421875},"rotation":{"x":0.11309827119112015,"y":-0.10649655759334564,"z":0.012193228118121624,"w":0.987788736820221},"size":4.026590824127197,"orthographic":true}