{"cameraMode":{"drawMode":0,"name":"Shaded","section":"Shading Mode"},"sceneLighting":true,"audioPlay":false,"sceneViewState":{"showFog":true,"showMaterialUpdate":false,"showSkybox":true,"showFlares":true,"showImageEffects":true,"showParticleSystems":true},"in2DMode":false,"pivot":{"x":-0.46695035696029665,"y":5.650115966796875,"z":-0.8592439889907837},"rotation":{"x":0.0019404372433200479,"y":0.9971356391906738,"z":0.027228735387325288,"w":-0.07102559506893158},"size":4.465978622436523,"orthographic":false}