{"cameraMode":{"drawMode":0,"name":"Shaded","section":"Shading Mode"},"sceneLighting":true,"audioPlay":false,"sceneViewState":{"showFog":true,"showMaterialUpdate":false,"showSkybox":true,"showFlares":true,"showImageEffects":true,"showParticleSystems":true},"in2DMode":false,"pivot":{"x":0.0,"y":4.163167953491211,"z":-1.0829999446868897},"rotation":{"x":0.06699109077453613,"y":-0.9265845417976379,"z":0.3127182126045227,"w":0.19838832318782807},"size":54.20575714111328,"orthographic":false}