{"cameraMode":{"drawMode":0,"name":"Shaded","section":"Shading Mode"},"sceneLighting":true,"audioPlay":false,"sceneViewState":{"showFog":true,"showMaterialUpdate":false,"showSkybox":true,"showFlares":true,"showImageEffects":true,"showParticleSystems":true},"in2DMode":false,"pivot":{"x":0.07193851470947266,"y":1.1920928955078126e-7,"z":5.360766410827637},"rotation":{"x":0.22806106507778169,"y":-0.4429735839366913,"z":0.11760338395833969,"w":0.8590313792228699},"size":1.4726513624191285,"orthographic":true}